<?xml version="1.0" encoding="UTF-8"?>
<project-private xmlns="http://www.netbeans.org/ns/project-private/1">
    <editor-bookmarks xmlns="http://www.netbeans.org/ns/editor-bookmarks/2" lastBookmarkId="0"/>
    <open-files xmlns="http://www.netbeans.org/ns/projectui-open-files/2">
        <group>
            <file>file:/Users/yesuserahailu/NetBeansProjects/pipexpressphp/templates/subValves.tpl</file>
            <file>file:/Users/yesuserahailu/NetBeansProjects/pipexpressphp/showIndustry.php</file>
            <file>file:/Users/yesuserahailu/NetBeansProjects/pipexpressphp/templates/industryServed.tpl</file>
            <file>file:/Users/yesuserahailu/NetBeansProjects/pipexpressphp/templates/contact.tpl</file>
            <file>file:/Users/yesuserahailu/NetBeansProjects/pipexpressphp/industryServed.php</file>
            <file>file:/Users/yesuserahailu/NetBeansProjects/pipexpressphp/templates/about.tpl</file>
            <file>file:/Users/yesuserahailu/NetBeansProjects/pipexpressphp/about.php</file>
            <file>file:/Users/yesuserahailu/NetBeansProjects/pipexpressphp/templates/index.tpl</file>
            <file>file:/Users/yesuserahailu/NetBeansProjects/pipexpressphp/contact.php</file>
            <file>file:/Users/yesuserahailu/NetBeansProjects/pipexpressphp/templates/products.tpl</file>
            <file>file:/Users/yesuserahailu/NetBeansProjects/pipexpressphp/include/productdata/data.json</file>
            <file>file:/Users/yesuserahailu/NetBeansProjects/pipexpressphp/templates/layout.tpl</file>
            <file>file:/Users/yesuserahailu/NetBeansProjects/pipexpressphp/css/layout.css</file>
            <file>file:/Users/yesuserahailu/NetBeansProjects/pipexpressphp/salesCategories.php</file>
            <file>file:/Users/yesuserahailu/NetBeansProjects/pipexpressphp/templates/salesCategories.tpl</file>
        </group>
    </open-files>
</project-private>
